{
  "genesis_time": "2024-01-23T02:00:00.000000Z",
  "chain_id": "chain-morph",
  "initial_height": "0",
  "consensus_params": {
    "batch": {
      "blocks_interval": "600",
      "max_bytes": "124928",
      "timeout": "1200000000000",
      "max_chunks": "15"
    },
    "block": {
      "max_bytes": "22020096",
      "max_gas": "-1"
    },
    "evidence": {
      "max_age_num_blocks": "100000",
      "max_age_duration": "172800000000000",
      "max_bytes": "1048576"
    },
    "validator": {
      "pub_key_types": [
        "ed25519"
      ]
    },
    "version": {
      "app": "0"
    }
  },
  "validators": [
    {
      "address": "2AB6E169CD6F1A93DF48C448D15921F5F956B96D",
      "pub_key": {
        "type": "tendermint/PubKeyEd25519",
        "value": "pZm5PoeAH4+xlELfD7B80XKfMf1aYmE0HvC0G8OtUSI="
      },
      "power": "1",
      "name": "node0"
    },
    {
      "address": "F5B36751EC631D6CE39C7988B7264D2A88C2A055",
      "pub_key": {
        "type": "tendermint/PubKeyEd25519",
        "value": "wez2lwC5cs9AyHUwVa06Cd65uvzdK5nzX4ppJuPbW2c="
      },
      "power": "1",
      "name": "node1"
    },
    {
      "address": "CD0D1A4AA59FB7C3C8CAA48DB510C57E58C3730E",
      "pub_key": {
        "type": "tendermint/PubKeyEd25519",
        "value": "4iibpEvG6zcezMIDsvadQsBkpruv0XCNmPbLmHuzBzY="
      },
      "power": "1",
      "name": "node2"
    },
    {
      "address": "49E592304F8D9B200F3522C64021CFEF2599AF4E",
      "pub_key": {
        "type": "tendermint/PubKeyEd25519",
        "value": "ZJDoWf0dc98tBFnzkTzavEWzfhrNHeru9ZG0IwifWWk="
      },
      "power": "1",
      "name": "node3"
    },
    {
      "address": "C39818229B6A72D9C85C881C1F47551781A1AF2A",
      "pub_key": {
        "type": "tendermint/PubKeyEd25519",
        "value": "enLpn3UhQoT4YJEB67wkEJgf0E7nm6HLuKkh2KGXgKI="
      },
      "power": "1",
      "name": "node4"
    },
    {
      "address": "6C1E4B4AF3C68D281705A28A73FA71910816581C",
      "pub_key": {
        "type": "tendermint/PubKeyEd25519",
        "value": "U+tRuv3S4jZbwD13PaIvCDpGF7eZwQfwqstSTkp9jUU="
      },
      "power": "1",
      "name": "node5"
    },
    {
      "address": "38FF3C403D1ADF51B8007CD4BB8413BF3F0296A9",
      "pub_key": {
        "type": "tendermint/PubKeyEd25519",
        "value": "xQP6gCSAHvvh9UaNcgL6zOITL45FQ5ttble+Y5QPkYk="
      },
      "power": "1",
      "name": "node6"
    }
  ],
  "app_hash": ""
}