{
  "genesis_time": "2023-09-07T07:27:54.693946777Z",
  "chain_id": "chain-sHSjXz",
  "initial_height": "0",
  "consensus_params": {
    "block": {
      "max_bytes": "22020096",
      "max_gas": "-1"
    },
    "evidence": {
      "max_age_num_blocks": "100000",
      "max_age_duration": "172800000000000",
      "max_bytes": "1048576"
    },
    "validator": {
      "pub_key_types": [
        "ed25519"
      ]
    },
    "version": {
      "app": "0"
    }
  },
  "validators": [
    {
      "address": "39821ACBEC27355F6470D743DA3188330E5DE6B5",
      "pub_key": {
        "type": "tendermint/PubKeyEd25519",
        "value": "Ar9ia6e5mW3oASoYvce91zR3Ou7MHG/A4KscH+LhCJM="
      },
      "power": "1",
      "name": "node0"
    },
    {
      "address": "90E0E368AC7087BEBEA3CEFDB8B35DD5141340B4",
      "pub_key": {
        "type": "tendermint/PubKeyEd25519",
        "value": "IHozM3xgzvKlGPwXXefzseosnKw2SXwOMmvJp0eNnMA="
      },
      "power": "1",
      "name": "node1"
    },
    {
      "address": "95FD6F9C098BC63E86F9F3A88BB76C84677C09D9",
      "pub_key": {
        "type": "tendermint/PubKeyEd25519",
        "value": "059+OognVCyTSsjJaHL8Pp6x7TXXPhgqGMCCKzzFvLY="
      },
      "power": "1",
      "name": "node2"
    },
    {
      "address": "45D66C40D5F65B3B4F5D9F360D9FC623D4BAF008",
      "pub_key": {
        "type": "tendermint/PubKeyEd25519",
        "value": "DIvGq/P8AKmGArP/zxaG0EJIRSNyjakZIqQGtFbR0ko="
      },
      "power": "1",
      "name": "node3"
    },
    {
      "address": "80A5F3BE7EB5AC119F2C8F4290027269145F7336",
      "pub_key": {
        "type": "tendermint/PubKeyEd25519",
        "value": "j/nVCKUiO4zxzhIvE/dqi0PKOczukyvKIp1tQ/pF7YM="
      },
      "power": "1",
      "name": "node4"
    },
    {
      "address": "B797FEE8B203979469C683421237E519F5724BA2",
      "pub_key": {
        "type": "tendermint/PubKeyEd25519",
        "value": "MOazmbIFhX9H3GaOjd/I9UOOR16aCrsofeoplxa13UY="
      },
      "power": "1",
      "name": "node5"
    },
    {
      "address": "203EA6C6A7C34AF6A8D35726D0AD4B3DA75DDF25",
      "pub_key": {
        "type": "tendermint/PubKeyEd25519",
        "value": "iMsYRsD/2YDqTnRdu9k5QyJXUFh+qtpjkqCgX+aUzTs="
      },
      "power": "1",
      "name": "node6"
    }
  ],
  "app_hash": ""
}