{
  "genesis_time": "2023-08-11T08:58:38.202849258Z",
  "chain_id": "chain-4WZ9ZK",
  "initial_height": "0",
  "consensus_params": {
    "block": {
      "max_bytes": "22020096",
      "max_gas": "-1"
    },
    "evidence": {
      "max_age_num_blocks": "100000",
      "max_age_duration": "172800000000000",
      "max_bytes": "1048576"
    },
    "validator": {
      "pub_key_types": [
        "ed25519"
      ]
    },
    "version": {
      "app": "0"
    }
  },
  "validators": [
    {
      "address": "32A8FD775D9FA5EF038BB72393A95C0B60A6B9D2",
      "pub_key": {
        "type": "tendermint/PubKeyEd25519",
        "value": "33FPWwBJLvMwD3HbDl2Jth+/wj6tWDaUg/WuR8VXcpo="
      },
      "power": "1",
      "name": "node0"
    },
    {
      "address": "8A159F1DE663BB883842F76F000D1911183EB39A",
      "pub_key": {
        "type": "tendermint/PubKeyEd25519",
        "value": "es+V0Xa2ZdaI0gkIBi5tPI4tFMjnO7CRCWAXStE+vNE="
      },
      "power": "1",
      "name": "node1"
    },
    {
      "address": "51C499188622B819F65AC40393D0064A61D675ED",
      "pub_key": {
        "type": "tendermint/PubKeyEd25519",
        "value": "Ze1mCI/oHcsyGWBxwEpxLHY5UJ9aWGwMvHYwworNXbw="
      },
      "power": "1",
      "name": "node2"
    },
    {
      "address": "7C748F50E6F9F965FB9BB0036B521B779CFD52B9",
      "pub_key": {
        "type": "tendermint/PubKeyEd25519",
        "value": "TVX3DSvCcFWc2o0FrDJxBW93+h96GPtRZR+VY5glbe0="
      },
      "power": "1",
      "name": "node3"
    },
    {
      "address": "3FB954838076189F3837D7997878ED54077404C6",
      "pub_key": {
        "type": "tendermint/PubKeyEd25519",
        "value": "/rx37cY+MO9+i0WzkvzQnijpzeOV5ynOduO2jsCUMgc="
      },
      "power": "1",
      "name": "node4"
    },
    {
      "address": "0DFC63852C28CBAEFB7EA49961E5C06911A73883",
      "pub_key": {
        "type": "tendermint/PubKeyEd25519",
        "value": "nWybP22eYkxyCt9r7EkSk+UsRvLi8qh5fdm+aMvq/P4="
      },
      "power": "1",
      "name": "node5"
    },
    {
      "address": "0E656E3FE9DE961CF03F6C9B838DB8BB6FC943A0",
      "pub_key": {
        "type": "tendermint/PubKeyEd25519",
        "value": "Ha0Cnn018lJ4Lo0cyFaEwOpmDecRIU1834z04qvRKFA="
      },
      "power": "1",
      "name": "node6"
    }
  ],
  "app_hash": ""
}
